cycle_number,energy_charge,capacity_charge,energy_discharge,capacity_discharge,cycle_start,cycle_duration,filename,battery_name,batch,cell_id,anode,cathode,electrolyte,dataset_name,eol_cycle,eol_class,eol_class_encoded
167,-2.7404686390039514,-2.6165410084351275,-1.7848271182857252,-1.4280602802963702,1.4277661231898826,1.9084235540958066,batch_B13A_cell_4.h5,batch_B13A_cell_4,B13A,4,C, Li1.35Ni0.33Mn0.67O2.35,Gen 2,Argonne,8,Short,2
167,-1.3210935640850612,-1.3634556248933933,-0.8851897663202741,-1.1486507501573329,1.4642931672750887,5.571407371835065,batch_B1A_cell_4.h5,batch_B1A_cell_4,B1A,4,C,HE5050,Gen 2,Argonne,26,Long,0
168,-1.0438068600601056,-1.034725555541618,-1.1361759789123425,-1.2199597730108867,1.323035398640043,1.0109151705511497,batch_B16A_cell_1.h5,batch_B16A_cell_1,B16A,1,C_Si,NMC532,Gen 2,Argonne,14,Moderate,1
168,-0.9721982518252608,-0.9671165474883281,-1.533193450586413,-1.3956742955596655,1.377060262821059,0.9735572127942922,batch_B16A_cell_6.h5,batch_B16A_cell_6,B16A,6,C_Si,NMC532,Gen 2,Argonne,14,Moderate,1
179,-4.277443022221507,-4.119084987185206,-2.833577702498961,-2.4689389059554094,1.5131596367798235,4.3600006975966075,batch_B4B_cell_4.h5,batch_B4B_cell_4,B4B,4,C,HE5050,Gen 2,Argonne,4,Short,2
179,-2.8288335818919825,-2.734417901723558,-0.9354184560822897,-0.9463215855660946,1.4868716335088805,4.332752234296156,batch_B3B_cell_7.h5,batch_B3B_cell_7,B3B,7,C, Li1.2Ni0.3Mn0.6O2,Gen 2,Argonne,27,Long,0
179,-2.3620185549043087,-2.2844189133707085,-1.815252384527851,-1.849104814178679,1.283632128289582,3.5142097834960935,batch_B4B_cell_6.h5,batch_B4B_cell_6,B4B,6,C,HE5050,Gen 2,Argonne,4,Short,2
179,-2.412527121313953,-2.33135006399085,-1.6918263969812026,-1.7495086183402722,1.2983184737191948,3.7660146773939953,batch_B4B_cell_2.h5,batch_B4B_cell_2,B4B,2,C,HE5050,Gen 2,Argonne,4,Short,2
179,-2.531741699395291,-2.450140228555021,-1.8780095868767348,-1.954014275361271,1.322490152064879,3.5716294885395308,batch_B4B_cell_8.h5,batch_B4B_cell_8,B4B,8,C,HE5050,Gen 2,Argonne,7,Short,2
179,-2.9127124839846226,-2.84261569132592,-1.1923880703522218,-1.8124475445566435,1.5370703053709016,4.389286345632043,batch_B3B_cell_3.h5,batch_B3B_cell_3,B3B,3,C, Li1.2Ni0.3Mn0.6O2,Gen 2,Argonne,7,Short,2
179,-3.5638133600058564,-3.469382551964383,-2.0761035598417754,-2.4525960492820675,1.5515314289940376,4.398033563446812,batch_B3B_cell_5.h5,batch_B3B_cell_5,B3B,5,C, Li1.2Ni0.3Mn0.6O2,Gen 2,Argonne,7,Short,2
179,-1.717445562007681,-1.6364419774387713,-0.9667042479076827,-1.0001497250471796,1.2004332314920498,3.6406661210388664,batch_B4B_cell_3.h5,batch_B4B_cell_3,B4B,3,C,HE5050,Gen 2,Argonne,10,Short,2
180,-1.3094501365265332,-1.4003156550416793,-0.08087494373589305,-0.7947739676037271,1.5535838174565437,4.471851964440027,batch_B3B_cell_2.h5,batch_B3B_cell_2,B3B,2,C, Li1.2Ni0.3Mn0.6O2,Gen 2,Argonne,7,Short,2
180,-1.0080067853138945,-1.1963801506135503,-2.8657061891143263,-2.6905758911083204,1.5896653946268176,-0.07598431471670034,batch_B3A_cell_4.h5,batch_B3A_cell_4,B3A,4,C, Li1.2Ni0.3Mn0.6O2,Gen 2,Argonne,9,Short,2
180,-3.1688096741330325,-3.081392997558873,-1.8922286456493684,-2.1239382721260274,1.5044972629763753,4.127946228730595,batch_B3B_cell_1.h5,batch_B3B_cell_1,B3B,1,C, Li1.2Ni0.3Mn0.6O2,Gen 2,Argonne,7,Short,2
182,-1.3909903925883889,-1.3631140197829485,-1.400202843317591,-1.3957773621287615,1.2592640465902838,-0.4470291677856536,batch_B16A_cell_2.h5,batch_B16A_cell_2,B16A,2,C_Si,NMC532,Gen 2,Argonne,22,Long,0
189,-1.4392741676988081,-1.4120359205734538,-1.4287116585219088,-1.4303847440073931,1.2534270104992569,-0.40961638116479143,batch_B16A_cell_3.h5,batch_B16A_cell_3,B16A,3,C_Si,NMC532,Gen 2,Argonne,13,Moderate,1
190,-1.5045881289636065,-1.4679011082959794,-1.4941711494150658,-1.4853119636946845,1.230499124420714,-0.4341891109706206,batch_B16A_cell_4.h5,batch_B16A_cell_4,B16A,4,C_Si,NMC532,Gen 2,Argonne,14,Moderate,1
192,-1.4034853180790674,-1.417926665047252,-1.4156085159099423,-1.7273802551639041,1.5229088430809297,-0.3703445239882296,batch_B37B_cell_4.h5,batch_B37B_cell_4,B37B,4,C_Si,NMC622,Gen 2,Argonne,27,Long,0
192,-1.3972214786459782,-1.4125902717867236,-1.407908588465137,-1.7130460648309205,1.5228228837959457,-0.37281174778735676,batch_B37B_cell_1.h5,batch_B37B_cell_1,B37B,1,C_Si,NMC622,Gen 2,Argonne,32,Long,0
192,-1.419519897158303,-1.4337124618449375,-1.4300420204571735,-1.7086617415954317,1.5200083407346219,-0.3918249985105943,batch_B37B_cell_2.h5,batch_B37B_cell_2,B37B,2,C_Si,NMC622,Gen 2,Argonne,35,Long,0
192,-1.4227262476608122,-1.433381431141237,-1.427400128132714,-1.6871446805507486,1.5136204931254742,-0.391160404022965,batch_B37B_cell_3.h5,batch_B37B_cell_3,B37B,3,C_Si,NMC622,Gen 2,Argonne,37,Long,0
194,-1.0559314551260002,-1.1057990681592642,-1.0429459299849146,-1.117958673454175,1.3402754121246012,-0.35714995545789263,batch_B16A_cell_7.h5,batch_B16A_cell_7,B16A,7,C_Si,NMC532,Gen 2,Argonne,14,Moderate,1
194,-0.9441580504136657,-1.01756745761405,-0.9544812259707471,-1.0462517251004761,1.3602729326196639,-0.3350664895144403,batch_B16A_cell_8.h5,batch_B16A_cell_8,B16A,8,C_Si,NMC532,Gen 2,Argonne,14,Moderate,1
210,-1.7655468211847225,-1.7457585047484083,-1.7381056648309117,-1.8040424427989543,1.37527335172968,-0.47117916841316076,batch_B11B_cell_4.h5,batch_B11B_cell_4,B11B,4,LTO,5Vspinel,R&D,Argonne,13,Moderate,1
213,-1.1573537009897896,-1.1486556255083513,-1.1479418325692954,-1.1760443978373818,1.2919587479175143,-0.43353442003445813,batch_B26U_cell_5.h5,batch_B26U_cell_5,B26U,5,C,5Vspinel,E17,Argonne,15,Moderate,1
213,1.0315375960078192,1.009583119759572,1.2074818233982707,1.19844067101077,1.8638661762951712,0.5447252639874065,batch_B8A_cell_1.h5,batch_B8A_cell_1,B8A,1,C, Li1.35Ni0.33Mn0.67O2.35,Gen 2,Argonne,9,Short,2
213,-1.0195589448567939,-1.009403503479151,-1.0019623146117809,-1.0316567498963947,1.247912605538694,-0.4162957090526831,batch_B26P_cell_6.h5,batch_B26P_cell_6,B26P,6,C,5Vspinel,E12,Argonne,15,Moderate,1
215,-1.709257218784643,-1.8225629383612956,-0.8699811071037556,-1.3198411734150133,1.4949097656237584,1.5036582004002268,batch_B9A_cell_22.h5,batch_B9A_cell_22,B9A,22,C,HE5050,Gen 2,Argonne,10,Short,2
217,-2.1138289248666946,-2.1295223070425062,-1.8387318884931696,-1.981131052238394,1.3805176073188166,0.9900033120467441,batch_B6D_cell_6.h5,batch_B6D_cell_6,B6D,6,C,NMC111,Gen 2,Argonne,7,Short,2
217,-1.9325541994278717,-1.840909363080023,-1.4317641363666498,-0.9565213873956999,1.4226083231909692,1.4825158396980007,batch_B13A_cell_8.h5,batch_B13A_cell_8,B13A,8,C, Li1.35Ni0.33Mn0.67O2.35,Gen 2,Argonne,15,Moderate,1
217,-1.6562784032375155,-1.601683310668914,-1.0314281843760873,-0.9262332117763247,1.2521502676585976,1.6701390492853139,batch_B13A_cell_13.h5,batch_B13A_cell_13,B13A,13,C, Li1.35Ni0.33Mn0.67O2.35,Gen 2,Argonne,10,Short,2
217,-2.0647908765283343,-2.0934036050000198,-1.8858285699990953,-1.9819696149668216,1.4051526696161811,0.993973063019184,batch_B6D_cell_3.h5,batch_B6D_cell_3,B6D,3,C,NMC111,Gen 2,Argonne,7,Short,2
218,-0.8695449322089894,-0.8607097330534008,-0.5597520029975134,-0.6767671512191612,1.3845786053517701,1.0597361063964552,batch_B26M_cell_2.h5,batch_B26M_cell_2,B26M,2,C,5Vspinel,E9,Argonne,12,Short,2
218,-1.177865333383476,-1.208589345003815,-0.9401717487794908,-1.0438627074814875,1.5226782869353104,1.044466292627805,batch_B26N_cell_1.h5,batch_B26N_cell_1,B26N,1,C,5Vspinel,E10,Argonne,19,Long,0
218,-1.6763246827994809,-1.6690285614449347,-1.2384198695011641,-1.493254267645084,1.4065623246965142,0.9161238481541933,batch_B26T_cell_4.h5,batch_B26T_cell_4,B26T,4,C,5Vspinel,E16,Argonne,15,Moderate,1
218,-1.4619544294164402,-1.4637366246271886,-1.05356857076519,-1.2165515969234213,1.4035979800285627,1.1174069748485524,batch_B26T_cell_5.h5,batch_B26T_cell_5,B26T,5,C,5Vspinel,E16,Argonne,16,Long,0
218,-1.8493517653925857,-1.8298223369886526,-1.29010529210956,-1.6433560523376984,1.4534704139056467,0.9227789415304026,batch_B26Q_cell_3.h5,batch_B26Q_cell_3,B26Q,3,C,5Vspinel,E13,Argonne,15,Moderate,1
218,-1.1697296572427855,-1.1613901988016329,-0.8304003250524046,-1.076987890257682,1.3658009154632136,0.9442786217287579,batch_B26O_cell_1.h5,batch_B26O_cell_1,B26O,1,C,5Vspinel,E11,Argonne,19,Long,0
218,-1.4578351922646435,-1.4774371303444322,-1.1438345232068374,-1.259247364270211,1.4776251410841117,0.9971834915575927,batch_B26W_cell_5.h5,batch_B26W_cell_5,B26W,5,C,5Vspinel,E19,Argonne,17,Long,0
218,-1.2959793999800926,-1.2799790802075874,-0.8028568967925039,-1.1435089407411472,1.4650375837683984,1.0116710403359095,batch_B26AA_cell_4.h5,batch_B26AA_cell_4,B26AA,4,C,5Vspinel,Gen 2,Argonne,11,Short,2
218,-1.2901425965504598,-1.349885649899524,-1.3494221905632382,-1.5109222061900154,1.5793857821852118,0.9451778071178414,batch_B26Z_cell_3.h5,batch_B26Z_cell_3,B26Z,3,C,5Vspinel,E22,Argonne,15,Moderate,1
218,-1.2820502208475244,-1.2897669365896913,-0.9081137107316144,-1.229477428768898,1.439906460602445,0.8877934808064437,batch_B26O_cell_4.h5,batch_B26O_cell_4,B26O,4,C,5Vspinel,E11,Argonne,30,Long,0
218,-1.0243196033256052,-1.0315134029880382,-0.5739782663797808,-0.7422370078625119,1.4132225213536307,1.0854712674846967,batch_B26V_cell_5.h5,batch_B26V_cell_5,B26V,5,C,5Vspinel,E18,Argonne,15,Moderate,1
218,-1.1583681003227937,-1.1563336899907153,-0.6948954849241415,-0.6781450410562058,1.5682853532090555,1.4124723175422906,batch_B26AA_cell_1.h5,batch_B26AA_cell_1,B26AA,1,C,5Vspinel,Gen 2,Argonne,15,Moderate,1
218,-1.0381392977783772,-1.0537917275723914,-0.35720928466463486,-0.5968479363991344,1.529060636974377,1.4288639056564894,batch_B26S_cell_5.h5,batch_B26S_cell_5,B26S,5,C,5Vspinel,E15,Argonne,12,Short,2
218,-1.2242931118815665,-1.2698308767638729,-1.0505646378842737,-1.180261458854182,1.5492322857857859,0.989776474444109,batch_B26Y_cell_5.h5,batch_B26Y_cell_5,B26Y,5,C,5Vspinel,E21,Argonne,15,Moderate,1
218,-1.4749933165053142,-1.495090229842182,-1.1700309286086834,-1.3244994801968126,1.513235785678681,0.9711416894881181,batch_B26Z_cell_2.h5,batch_B26Z_cell_2,B26Z,2,C,5Vspinel,E22,Argonne,15,Moderate,1
218,-1.305924089470869,-1.3028544656679033,-0.9442218397264337,-1.0358927304224037,1.370796447831363,1.1449608475269863,batch_B26O_cell_5.h5,batch_B26O_cell_5,B26O,5,C,5Vspinel,E11,Argonne,16,Long,0
218,-1.7367044378169316,-1.7908536333696325,-1.6108753459500174,-1.8448411504111148,1.588210773547909,1.3912277695761857,batch_B26Q_cell_5.h5,batch_B26Q_cell_5,B26Q,5,C,5Vspinel,E13,Argonne,11,Short,2
218,-1.3348501268474189,-1.4048848300232357,-1.5130282379986564,-1.6728417090984569,1.5792171295767077,0.9227523626629047,batch_B26Z_cell_1.h5,batch_B26Z_cell_1,B26Z,1,C,5Vspinel,E22,Argonne,12,Short,2
219,-1.3647152246910963,-1.3564570547253836,-0.9679699580721338,-1.0873222828485807,1.3615872195309753,0.9548187701050148,batch_B26T_cell_2.h5,batch_B26T_cell_2,B26T,2,C,5Vspinel,E16,Argonne,16,Long,0
220,-0.6167630895474167,-0.6444817432445328,-0.9251383163380968,-0.43827452040489134,1.5611124562660776,1.0238764198794241,batch_B26K_cell_1.h5,batch_B26K_cell_1,B26K,1,C,5Vspinel,E7,Argonne,12,Short,2
220,-0.3333731463527046,-0.3847627672062779,-0.6889309495703013,-0.7278140985474975,1.574547199454583,1.0516577708737112,batch_B26K_cell_2.h5,batch_B26K_cell_2,B26K,2,C,5Vspinel,E7,Argonne,12,Short,2
229,-1.2459338641199662,-1.2440021675469612,-1.275340464356573,-1.3212544620804172,1.146499078834148,-0.4753390166447242,batch_B9A_cell_21.h5,batch_B9A_cell_21,B9A,21,C,HE5050,Gen 2,Argonne,10,Short,2
229,-1.3337955122142944,-1.3291674920894605,-1.3518795354752353,-1.397324039936177,1.1118197245838817,-0.5053788047062044,batch_B9A_cell_20.h5,batch_B9A_cell_20,B9A,20,C,HE5050,Gen 2,Argonne,10,Short,2
230,-1.8058121788142456,-1.8251347121853494,-1.8644618442381575,-1.948484729113759,1.2891407006954851,-0.433920412397546,batch_B9C_cell_8.h5,batch_B9C_cell_8,B9C,8,C,HE5050,Gen 2,Argonne,11,Short,2
234,-0.9698229986604494,-1.0592584474536129,-0.9645225553337164,-0.9642689728340497,1.3837950286309673,0.9948119479644395,batch_B9B_cell_6.h5,batch_B9B_cell_6,B9B,6,C,HE5050,Gen 2,Argonne,12,Short,2
234,-0.8726202539887807,-0.9652764032751732,-0.9410733145230461,-0.9042055799529054,1.4231306514535116,0.9954299615427828,batch_B9B_cell_7.h5,batch_B9B_cell_7,B9B,7,C,HE5050,Gen 2,Argonne,12,Short,2
234,-0.9062785287177758,-0.987082142655471,-0.8132677572734116,-0.8065599958554409,1.3821412720318456,1.0393114161709984,batch_B9B_cell_5.h5,batch_B9B_cell_5,B9B,5,C,HE5050,Gen 2,Argonne,21,Long,0
234,-1.49828595001747,-1.4588341830075895,-1.2704352900033251,-1.119951761256226,1.1506418972932824,1.3684121345710596,batch_B9A_cell_19.h5,batch_B9A_cell_19,B9A,19,C,HE5050,Gen 2,Argonne,10,Short,2
234,-1.4422774922911772,-1.4543060954831253,-1.365420262844,-1.3162920159803935,1.1858056331774895,1.3026164814921701,batch_B9A_cell_18.h5,batch_B9A_cell_18,B9A,18,C,HE5050,Gen 2,Argonne,10,Short,2
234,-1.9842169037272832,-1.914971149339402,-1.4973936524958689,-1.4943225744162647,1.236232698853299,0.929046711117015,batch_B9C_cell_7.h5,batch_B9C_cell_7,B9C,7,C,HE5050,Gen 2,Argonne,12,Short,2
234,-0.9902752886962112,-1.162685054200929,-1.2721380403406948,-1.212986493961556,1.4247178522770385,0.9255562927797333,batch_B9C_cell_5.h5,batch_B9C_cell_5,B9C,5,C,HE5050,Gen 2,Argonne,9,Short,2
234,-0.8060891336246399,-0.8954761063565991,-0.8818931398540162,-0.8525007437134613,1.416408345575828,0.9862024849611073,batch_B9B_cell_8.h5,batch_B9B_cell_8,B9B,8,C,HE5050,Gen 2,Argonne,12,Short,2
249,-1.3752396574342958,-1.3723735609000172,-1.377374661192459,-1.3712650753334303,1.5194380534269052,-1.3731389948571022,batch_B17A_cell_8.h5,batch_B17A_cell_8,B17A,8,C_Si,NMC532,Gen 2,Argonne,24,Long,0
249,-1.3483623263995177,-1.3472924914578999,-1.358605415211565,-1.3545589229366441,1.5162369293340887,-1.3559437627624553,batch_B17A_cell_6.h5,batch_B17A_cell_6,B17A,6,C_Si,NMC532,Gen 2,Argonne,23,Long,0
249,-1.1838147937572099,-1.1899670376608522,-1.1867580923229517,-1.1901963482170625,1.5148692607783203,-1.1930989394013793,batch_B17A_cell_7.h5,batch_B17A_cell_7,B17A,7,C_Si,NMC532,Gen 2,Argonne,25,Long,0
249,-1.3824771004064176,-1.3792058222124066,-1.3822105963795452,-1.3755498211192416,1.5174636657713396,-1.3779446798833366,batch_B17A_cell_5.h5,batch_B17A_cell_5,B17A,5,C_Si,NMC532,Gen 2,Argonne,24,Long,0
250,-1.0900705456223991,-1.0804118624760943,-1.0889706030839388,-1.080458154715201,1.4831356296254277,-1.0736055864901715,batch_B16A_cell_9.h5,batch_B16A_cell_9,B16A,9,C_Si,NMC532,Gen 2,Argonne,24,Long,0
250,-1.0217791786438661,-1.0146895900231574,-1.019007185460399,-1.0131025855362974,1.489307123615669,-1.0086424931809277,batch_B16A_cell_11.h5,batch_B16A_cell_11,B16A,11,C_Si,NMC532,Gen 2,Argonne,24,Long,0
253,-0.5738549587178673,-0.5608364769492548,-1.2879439566861102,-2.079682481479494,1.484541347002404,11.651473005193123,batch_B16A_cell_12.h5,batch_B16A_cell_12,B16A,12,C_Si,NMC532,Gen 2,Argonne,24,Long,0
256,-2.870705473956226,-2.72275030876254,-2.3085953973122053,-1.784898690208247,1.7123066603015626,9.024815192381936,batch_B16A_cell_10.h5,batch_B16A_cell_10,B16A,10,C_Si,NMC532,Gen 2,Argonne,24,Long,0
266,-1.139510160110933,-1.1494016311929471,-1.1428251447499933,-1.1937796970277135,1.5202870851263037,-0.5432770679163399,batch_B17A_cell_1.h5,batch_B17A_cell_1,B17A,1,C_Si,NMC532,Gen 2,Argonne,15,Moderate,1
266,-1.305562754112081,-1.3090182520004654,-1.3122303479556623,-1.3649842742425549,1.513717586086131,-0.6094721515122213,batch_B17A_cell_3.h5,batch_B17A_cell_3,B17A,3,C_Si,NMC532,Gen 2,Argonne,15,Moderate,1
266,-1.2525336446895532,-1.2579150557003982,-1.2592675004782365,-1.307354717165657,1.5115687532636115,-0.5939456820432881,batch_B17A_cell_2.h5,batch_B17A_cell_2,B17A,2,C_Si,NMC532,Gen 2,Argonne,15,Moderate,1
266,-1.298663016032709,-1.3031404785066674,-1.315783584429396,-1.365533931454292,1.5059097339075984,-0.6221195440009106,batch_B17A_cell_4.h5,batch_B17A_cell_4,B17A,4,C_Si,NMC532,Gen 2,Argonne,15,Moderate,1
270,-0.8606894714839287,-0.8590100781229876,-0.8867731270261853,-0.903004093893842,1.4191160313013989,-0.36513660334748066,batch_B35H_cell_2.h5,batch_B35H_cell_2,B35H,2,C_LICGC,NMC532,Gen 2,Argonne,17,Long,0
270,-0.7703735876228021,-0.7678357998355189,-0.7995458676728424,-0.8182426861581948,1.4562102986883598,-0.33346883980907677,batch_B35H_cell_1.h5,batch_B35H_cell_1,B35H,1,C_LICGC,NMC532,Gen 2,Argonne,15,Moderate,1
275,-1.4613621787593636,-1.4825959427223747,-1.360239618607628,-1.3946119443116036,1.434662420909638,1.2851308517782383,batch_B28A_cell_49.h5,batch_B28A_cell_49,B28A,49,C_Si,NMC532,Gen 2,Argonne,15,Moderate,1
275,-1.725875643855572,-1.7272312966575907,-1.4866409735617463,-1.5618443667314905,1.4264093745453572,1.2722377158766545,batch_B28A_cell_42.h5,batch_B28A_cell_42,B28A,42,C_Si,NMC532,Gen 2,Argonne,15,Moderate,1
275,-1.2959826584560312,-1.3220929858516204,-1.311778046175322,-1.3043513549508186,1.440832022208892,1.2759223502100243,batch_B28A_cell_48.h5,batch_B28A_cell_48,B28A,48,C_Si,NMC532,Gen 2,Argonne,15,Moderate,1
275,-1.4696017314521503,-1.494818243934904,-1.4342501912627723,-1.423746316918046,1.434796673824015,1.2847245597039136,batch_B28A_cell_44.h5,batch_B28A_cell_44,B28A,44,C_Si,NMC532,Gen 2,Argonne,15,Moderate,1
275,-1.3961850007967826,-1.4227315072728957,-1.3927914919184539,-1.3805845094630156,1.4402183798164703,1.2893249670447982,batch_B28A_cell_45.h5,batch_B28A_cell_45,B28A,45,C_Si,NMC532,Gen 2,Argonne,15,Moderate,1
275,-1.2939965240680067,-1.3231567278375271,-1.3251123336148514,-1.311898381596915,1.4402230825031364,1.2734988965619507,batch_B28A_cell_47.h5,batch_B28A_cell_47,B28A,47,C_Si,NMC532,Gen 2,Argonne,15,Moderate,1
275,-1.416483400838879,-1.4408943525233067,-1.4161385614978617,-1.4040192679954244,1.4359400078561322,1.2739952056524193,batch_B28A_cell_43.h5,batch_B28A_cell_43,B28A,43,C_Si,NMC532,Gen 2,Argonne,15,Moderate,1
275,-1.2923071839197682,-1.3191405661008904,-1.3103044992441792,-1.3019739623841402,1.4410198877886478,1.2789223954672047,batch_B28A_cell_46.h5,batch_B28A_cell_46,B28A,46,C_Si,NMC532,Gen 2,Argonne,15,Moderate,1
356,-0.76703780054442,-0.7683928118679115,-0.8835820329865597,-1.1261968102331965,1.6474725026508916,-0.24372954260653612,batch_B12B_cell_3.h5,batch_B12B_cell_3,B12B,3,C,HE5050,Gen 2,Argonne,9,Short,2
367,-0.7812365690598094,-0.7917398423433455,-1.4716164378461176,-1.4293941057461572,1.630339054796698,-0.23610397740357053,batch_B12B_cell_1.h5,batch_B12B_cell_1,B12B,1,C,HE5050,Gen 2,Argonne,11,Short,2
419,-1.8323704034558208,-1.8886055913317643,-1.6453917897265231,-1.9360939973606852,1.5964285071474036,1.0095553980024916,batch_B26R_cell_1.h5,batch_B26R_cell_1,B26R,1,C,5Vspinel,E14,Argonne,15,Moderate,1
419,-1.4724665125174852,-1.5187558553468687,-1.415548435647922,-1.5519049253345665,1.5987733379992655,1.1542249268829925,batch_B26W_cell_3.h5,batch_B26W_cell_3,B26W,3,C,5Vspinel,E19,Argonne,15,Moderate,1
419,-1.8416366443207879,-1.8674684175436531,-1.7025006295527845,-1.8603088521712257,1.5847076668287194,1.1772871905591566,batch_B26X_cell_4.h5,batch_B26X_cell_4,B26X,4,C,5Vspinel,E20,Argonne,15,Moderate,1
419,-1.3923938225403758,-1.4665734493279379,-1.4195669339247319,-1.6155809853944392,1.6209094544241403,1.0961253563063222,batch_B26P_cell_2.h5,batch_B26P_cell_2,B26P,2,C,5Vspinel,E12,Argonne,15,Moderate,1
419,-1.0225657746571633,-1.1145606880453325,-1.2722004468291985,-1.4508580600660432,1.650724097685362,1.114415456999713,batch_B26Y_cell_3.h5,batch_B26Y_cell_3,B26Y,3,C,5Vspinel,E21,Argonne,16,Long,0
419,-1.8787625734133997,-1.9297898670276405,-1.75680468873695,-1.9826302270177822,1.5961646905155091,1.0459215949273073,batch_B26V_cell_3.h5,batch_B26V_cell_3,B26V,3,C,5Vspinel,E18,Argonne,15,Moderate,1
419,-2.118698510870866,-2.1119302530240045,-1.7297622431714061,-1.9366902035065725,1.5439102111527507,1.1199725173799264,batch_B26X_cell_1.h5,batch_B26X_cell_1,B26X,1,C,5Vspinel,E20,Argonne,15,Moderate,1
419,-1.7859425057307934,-1.8005886644611715,-1.5552692801598411,-1.692752108213704,1.5646270337232913,1.1777896075981675,batch_B26X_cell_3.h5,batch_B26X_cell_3,B26X,3,C,5Vspinel,E20,Argonne,15,Moderate,1
419,-1.0515001734508278,-1.1471189216910977,-1.4319537661962487,-1.4682467967893327,1.6438160826805641,1.1391569089175992,batch_B26Y_cell_4.h5,batch_B26Y_cell_4,B26Y,4,C,5Vspinel,E21,Argonne,19,Long,0
419,-1.3922014006547005,-1.4670475498217794,-1.556908186807126,-1.7622862141041689,1.6120174324131031,1.0717941396556412,batch_B26R_cell_2.h5,batch_B26R_cell_2,B26R,2,C,5Vspinel,E14,Argonne,14,Moderate,1
419,-1.7050233698636281,-1.7690139359355386,-1.7285936002821842,-1.9566576001437832,1.60145778542482,1.0757617828148316,batch_B26V_cell_4.h5,batch_B26V_cell_4,B26V,4,C,5Vspinel,E18,Argonne,13,Moderate,1
419,-1.5571504605363629,-1.5694837338513814,-1.4379459209641239,-1.5899209263998804,1.5605141867101209,1.1755268563965031,batch_B26X_cell_2.h5,batch_B26X_cell_2,B26X,2,C,5Vspinel,E20,Argonne,15,Moderate,1
419,-1.2242337025378562,-1.2695521755756733,-0.9630254750614738,-1.1636628340508335,1.6384547514548828,1.137096813692764,batch_B26S_cell_3.h5,batch_B26S_cell_3,B26S,3,C,5Vspinel,E15,Argonne,16,Long,0
419,-1.458819593249927,-1.5072883901973058,-1.198287795437256,-1.4197349615719703,1.6155386474529634,1.1166984606281531,batch_B26P_cell_4.h5,batch_B26P_cell_4,B26P,4,C,5Vspinel,E12,Argonne,15,Moderate,1
419,-1.642897862388918,-1.7124684338260352,-1.6471393866647692,-1.8758524635061455,1.6065332101958698,1.0478269421265578,batch_B26V_cell_1.h5,batch_B26V_cell_1,B26V,1,C,5Vspinel,E18,Argonne,15,Moderate,1
419,-1.2939204887047921,-1.322446307724833,-0.8736154745259507,-1.0578011881721285,1.5990847910813881,1.1949160913203594,batch_B26S_cell_4.h5,batch_B26S_cell_4,B26S,4,C,5Vspinel,E15,Argonne,12,Short,2
419,-1.7102612603181828,-1.7713857141354958,-1.5204011914001352,-1.80520669481367,1.6003405253185548,1.018296837286169,batch_B26R_cell_3.h5,batch_B26R_cell_3,B26R,3,C,5Vspinel,E14,Argonne,15,Moderate,1
419,-1.4287597123206113,-1.4975202834549908,-1.5326521532175361,-1.7356377084051644,1.6278674872458332,1.1964403555577174,batch_B26W_cell_4.h5,batch_B26W_cell_4,B26W,4,C,5Vspinel,E19,Argonne,15,Moderate,1
419,-1.4396836662901766,-1.494360135803751,-1.478395429195138,-1.587861037194402,1.602401858156627,1.1400171922905724,batch_B26W_cell_1.h5,batch_B26W_cell_1,B26W,1,C,5Vspinel,E19,Argonne,15,Moderate,1
419,-1.3068334927369203,-1.3993806679318808,-1.2776231321281128,-1.6575204029261308,1.6350675854868697,1.4088449252822672,batch_B26R_cell_4.h5,batch_B26R_cell_4,B26R,4,C,5Vspinel,E14,Argonne,12,Short,2
420,-1.5554344409523897,-1.6161040207508444,-1.5299940392684832,-1.557402464614376,1.5975716206460044,1.0661127605504985,batch_B26V_cell_2.h5,batch_B26V_cell_2,B26V,2,C,5Vspinel,E18,Argonne,14,Moderate,1
420,-1.3814654169902578,-1.3886449853166911,-0.8791395957079545,-1.1193267545314345,1.5555706799812936,1.1980846980276447,batch_B26P_cell_3.h5,batch_B26P_cell_3,B26P,3,C,5Vspinel,E12,Argonne,16,Long,0
420,-0.8963126092585836,-0.9971982475097362,-1.2135944060120334,-1.3736691483583856,1.653395284658571,1.1142512749434548,batch_B26Y_cell_2.h5,batch_B26Y_cell_2,B26Y,2,C,5Vspinel,E21,Argonne,18,Long,0
510,-0.797886886270699,-0.7961951548309304,-0.7862456674506318,-0.811622867891475,0.8883537725108576,-0.6844028318743098,batch_B4A_cell_6.h5,batch_B4A_cell_6,B4A,6,C,HE5050,Gen 2,Argonne,53,Long,0
515,-1.6358763540683952,-1.8754524905450816,-1.8173939308642948,-1.957307028462191,1.6144775780141194,5.298906005181215,batch_B4A_cell_2.h5,batch_B4A_cell_2,B4A,2,C,HE5050,Gen 2,Argonne,10,Short,2
526,-1.2231460970971428,-1.222352451669297,-1.2400091620270723,-1.3227683643937547,1.566789664378925,-0.3648492419311942,batch_B34A_cell_2.h5,batch_B34A_cell_2,B34A,2,C,NMC811,Gen 2,Argonne,65,Long,0
526,-1.221964851218801,-1.2204291045339808,-1.2351708182658905,-1.3127245342891705,1.5683547376005178,-0.3624147441807849,batch_B34A_cell_4.h5,batch_B34A_cell_4,B34A,4,C,NMC811,Gen 2,Argonne,18,Long,0
526,-1.240901543217436,-1.2393198975661694,-1.2553495672271577,-1.3335289071771057,1.5642976180462758,-0.368624448430912,batch_B34A_cell_3.h5,batch_B34A_cell_3,B34A,3,C,NMC811,Gen 2,Argonne,18,Long,0
527,-1.2292947177589675,-1.22794615866389,-1.2433853276951357,-1.306910661009463,1.5651872269052352,-0.3663064420455659,batch_B34A_cell_1.h5,batch_B34A_cell_1,B34A,1,C,NMC811,Gen 2,Argonne,64,Long,0
598,-0.9629412027822305,-0.9510286158529531,-0.9702046055608639,-0.9749030546499412,1.4622728931304516,-0.42202498849621933,batch_B28A_cell_39.h5,batch_B28A_cell_39,B28A,39,C_Si,NMC532,Gen 2,Argonne,49,Long,0
600,-0.9462351427361378,-0.9344358364484692,-0.9533838314230635,-0.9577871011070429,1.4562315031914186,-0.4223770419740343,batch_B28A_cell_41.h5,batch_B28A_cell_41,B28A,41,C_Si,NMC532,Gen 2,Argonne,53,Long,0
601,-1.0076809855095799,-0.9930016957393657,-1.0142395954265495,-1.0115894304426583,1.4437229415577502,-0.431514958463334,batch_B28A_cell_37.h5,batch_B28A_cell_37,B28A,37,C_Si,NMC532,Gen 2,Argonne,16,Long,0
602,-0.995501571811429,-0.9818355736080637,-1.2359767150085714,-1.1259784245798927,1.4441853595243273,-0.46000276826999886,batch_B28A_cell_35.h5,batch_B28A_cell_35,B28A,35,C_Si,NMC532,Gen 2,Argonne,17,Long,0
604,-0.9889320047570258,-0.975081597064648,-1.001940900394014,-0.9986412718116753,1.433277516452734,-0.43146887122608335,batch_B28A_cell_36.h5,batch_B28A_cell_36,B28A,36,C_Si,NMC532,Gen 2,Argonne,16,Long,0
604,-1.009179990918437,-0.9936168911665699,-1.0202036804243302,-1.0160771399585384,1.4332550082548758,-0.4350700739625025,batch_B28A_cell_34.h5,batch_B28A_cell_34,B28A,34,C_Si,NMC532,Gen 2,Argonne,17,Long,0
617,-1.629986771756841,-1.68727913135755,-1.649027709822942,-1.788966284255447,1.513741083620387,1.312248850649415,batch_B7B_cell_7.h5,batch_B7B_cell_7,B7B,7,C,NMC532,Gen 2,Argonne,1,Short,2
617,-1.348920068147568,-1.4202156482092436,-1.2852938496648412,-1.4608117571600283,1.5620922555663284,1.3354482800635157,batch_B7A_cell_22.h5,batch_B7A_cell_22,B7A,22,C,NMC532,Gen 2,Argonne,12,Short,2
618,-1.3657551955942395,-1.435620512801181,-1.4314655388239266,-1.56753708393026,1.5534049824439813,1.3482183231397182,batch_B7A_cell_24.h5,batch_B7A_cell_24,B7A,24,C,NMC532,Gen 2,Argonne,12,Short,2
618,-0.979162683690488,-0.9623838386473896,-0.9776543083672771,-0.9756501136525193,1.3781758220238964,-0.4464228635061528,batch_B28A_cell_38.h5,batch_B28A_cell_38,B28A,38,C_Si,NMC532,Gen 2,Argonne,58,Long,0
619,-1.4386035065477623,-1.4979226600275855,-1.2483420431405257,-1.4065573885861886,1.5462261480657333,1.333483254071743,batch_B7B_cell_5.h5,batch_B7B_cell_5,B7B,5,C,NMC532,Gen 2,Argonne,1,Short,2
619,-1.4192420220970683,-1.4837272706158515,-1.278493133943369,-1.5093897928130529,1.563623600995082,1.3501492015566439,batch_B7A_cell_23.h5,batch_B7A_cell_23,B7A,23,C,NMC532,Gen 2,Argonne,12,Short,2
619,-1.8744040882179551,-1.8325064694949957,-1.9005687194993555,-1.4491246015664594,1.4166144978570994,-0.4236275093754246,batch_B7B_cell_8.h5,batch_B7B_cell_8,B7B,8,C,NMC532,Gen 2,Argonne,1,Short,2
620,-1.4781919750876398,-1.535546904325979,-1.3130897873349119,-1.5205307587017431,1.5364636834062002,1.3602292842693036,batch_B7B_cell_6.h5,batch_B7B_cell_6,B7B,6,C,NMC532,Gen 2,Argonne,27,Long,0
620,-1.4266382158550783,-1.4879819051889263,-1.3396699597321073,-1.4647034648343413,1.5376197662729612,1.380796076512371,batch_B7A_cell_21.h5,batch_B7A_cell_21,B7A,21,C,NMC532,Gen 2,Argonne,12,Short,2
627,-2.075788733045179,-2.2046134355334637,-1.4787436460028571,-1.6944409514265675,1.6053514296498432,3.5337805695977837,batch_B21A_cell_16.h5,batch_B21A_cell_16,B21A,16,C,NMC111,Gen 2,Argonne,10,Short,2
627,-2.0262746380197982,-2.084353180858301,-1.7407042134380453,-1.860406665854365,1.5357756882162354,3.366839465545632,batch_B21A_cell_2.h5,batch_B21A_cell_2,B21A,2,C,NMC111,Gen 2,Argonne,10,Short,2
627,-2.0704846211824974,-2.13479924965421,-1.5794259641750485,-1.5601123917059556,1.5350957720137481,3.4136328916917997,batch_B21A_cell_15.h5,batch_B21A_cell_15,B21A,15,C,NMC111,Gen 2,Argonne,10,Short,2
627,-2.1659155019104572,-2.2051707187486316,-1.79727325921812,-1.7924719388706678,1.5214260293959825,3.3223735244094468,batch_B21A_cell_10.h5,batch_B21A_cell_10,B21A,10,C,NMC111,Gen 2,Argonne,10,Short,2
627,-2.370644063292276,-2.464933773842704,-1.719834931016702,-1.9406050471534189,1.5840266364660078,3.4839924941823175,batch_B21A_cell_3.h5,batch_B21A_cell_3,B21A,3,C,NMC111,Gen 2,Argonne,10,Short,2
634,-0.9840155215516653,-0.9735385749616627,-0.9654245660858085,-0.9597562131824343,1.3095685481699435,0.9752614530368037,batch_B28A_cell_40.h5,batch_B28A_cell_40,B28A,40,C_Si,NMC532,Gen 2,Argonne,61,Long,0
686,-2.5927374786049566,-2.6189669029329616,-2.7546846722384974,-2.218573319501265,1.5416514163821915,5.081776982953013,batch_B5A_cell_7.h5,batch_B5A_cell_7,B5A,7,C,5Vspinel,Gen 2,Argonne,13,Moderate,1
702,-1.1454711358378284,-1.1809871071011333,-1.172201844446281,-1.3993032522175797,1.6056539836198365,-0.3144464926569921,batch_B9B_cell_2.h5,batch_B9B_cell_2,B9B,2,C,HE5050,Gen 2,Argonne,41,Long,0
709,-1.1739478395212195,-1.2131538333094123,-3.4580921280344823,-2.83580131884137,1.5980860554278917,-0.4542232040672751,batch_B9B_cell_3.h5,batch_B9B_cell_3,B9B,3,C,HE5050,Gen 2,Argonne,10,Short,2
711,-1.1238430161353774,-1.1652286772912135,-2.7399482863987523,-2.3677231734670268,1.594253299846388,-0.4205626734272211,batch_B9B_cell_4.h5,batch_B9B_cell_4,B9B,4,C,HE5050,Gen 2,Argonne,41,Long,0
715,-1.1850994093625113,-1.2240877645084147,-3.350878004355723,-2.696225207120388,1.5799492145888125,-0.46617575575554737,batch_B9B_cell_1.h5,batch_B9B_cell_1,B9B,1,C,HE5050,Gen 2,Argonne,44,Long,0
782,-1.241106088948811,-1.2440730785833987,-1.2574510303643067,-1.4631928238711043,1.6201576636669766,-0.3152699986881249,batch_B35C_cell_2.h5,batch_B35C_cell_2,B35C,2,C_AlSiO4,NMC532,Gen 2,Argonne,15,Moderate,1
782,-1.193841901163251,-1.1974410478923307,-1.2503745378207862,-1.4924767157362002,1.6297962809351954,-0.3026706493958708,batch_B35A_cell_1.h5,batch_B35A_cell_1,B35A,1,C,NMC532,Gen 2,Argonne,9,Short,2
782,-1.0872008642033568,-1.091101388933948,-1.137609687230623,-1.466323293547619,1.650529991742555,-0.2735400372348184,batch_B35E_cell_1.h5,batch_B35E_cell_1,B35E,1,C_BN,NMC532,Gen 2,Argonne,12,Short,2
782,-0.9628161782991796,-0.9689706207184317,-1.0318239059788572,-1.3289069329615133,1.6639502192012559,-0.25319768659223313,batch_B34C_cell_1.h5,batch_B34C_cell_1,B34C,1,C,NMC811,Gen 2,Argonne,13,Moderate,1
782,-1.0717328642055488,-1.0737112015130021,-1.1427881600789562,-1.4612382169121216,1.6494576708909823,-0.27433966924278597,batch_B35F_cell_1.h5,batch_B35F_cell_1,B35F,1,C_Al2O3,NMC532,Gen 2,Argonne,12,Short,2
782,-1.0754558463665815,-1.0800713250069953,-1.1381228950091176,-1.457655283360133,1.6491692505207205,-0.2742709572601446,batch_B35G_cell_1.h5,batch_B35G_cell_1,B35G,1,C_AlN,NMC532,Gen 2,Argonne,9,Short,2
782,-1.0766062521082085,-1.0841964713575396,-1.1782963807411708,-1.456250617050311,1.6532658927097814,-0.2676115952484971,batch_B34B_cell_3.h5,batch_B34B_cell_3,B34B,3,C,NMC811,Gen 2,Argonne,12,Short,2
782,-1.1901611075002092,-1.1968576199517729,-1.2323502776698252,-1.466146440370304,1.6272109238858667,-0.30828646075158056,batch_B35D_cell_1.h5,batch_B35D_cell_1,B35D,1,C_ZrSiO4,NMC532,Gen 2,Argonne,12,Short,2
782,-0.9597726271953196,-0.9698585737908191,-1.0276600952437622,-1.3485296151910975,1.6596264510392276,-0.25770152820984366,batch_B34C_cell_2.h5,batch_B34C_cell_2,B34C,2,C,NMC811,Gen 2,Argonne,12,Short,2
782,-1.108440847853417,-1.1091726503556756,-1.1523661885963163,-1.4538883370472087,1.6471920681542098,-0.277394964278605,batch_B35A_cell_2.h5,batch_B35A_cell_2,B35A,2,C,NMC532,Gen 2,Argonne,12,Short,2
782,-1.0727969514363787,-1.0790939179362087,-1.1362067918061016,-1.3818571613498338,1.6510875413724997,-0.27226797058716223,batch_B34D_cell_2.h5,batch_B34D_cell_2,B34D,2,C,NMC811,Gen 2,Argonne,15,Moderate,1
782,-1.0091224088777115,-1.0164075841280027,-1.0635629647650018,-1.3622209246732868,1.6601236893724516,-0.25951642901921224,batch_B34C_cell_3.h5,batch_B34C_cell_3,B34C,3,C,NMC811,Gen 2,Argonne,13,Moderate,1
782,-1.119871039843895,-1.1210753190934315,-1.1712159089072702,-1.5084465437270163,1.6489254406193712,-0.27547393312062024,batch_B35B_cell_1.h5,batch_B35B_cell_1,B35B,1,C_ZrO,NMC532,Gen 2,Argonne,12,Short,2
782,-1.064856693154031,-1.0667350123695627,-1.0910285493294851,-1.4104499740473868,1.6520702892734007,-0.2714358088703325,batch_B35D_cell_2.h5,batch_B35D_cell_2,B35D,2,C_ZrSiO4,NMC532,Gen 2,Argonne,15,Moderate,1
782,-1.1536919355043267,-1.1598236152547414,-1.2483841396488193,-1.489588708342083,1.646367548014388,-0.27941899301205086,batch_B34B_cell_4.h5,batch_B34B_cell_4,B34B,4,C,NMC811,Gen 2,Argonne,12,Short,2
782,-1.1437649313412317,-1.1461867782200068,-1.2012991501380117,-1.4730739055697621,1.6416497098289407,-0.2873568698544151,batch_B35E_cell_2.h5,batch_B35E_cell_2,B35E,2,C_BN,NMC532,Gen 2,Argonne,12,Short,2
782,-1.1359695382562147,-1.141936203379054,-1.2362251454738116,-1.4896414752030964,1.6505358028244053,-0.27505832841255656,batch_B34B_cell_2.h5,batch_B34B_cell_2,B34B,2,C,NMC811,Gen 2,Argonne,12,Short,2
782,-1.0022364533634798,-1.0105842615021492,-1.0794654780933226,-1.3571409659424587,1.659519951126972,-0.26074277604160434,batch_B34C_cell_4.h5,batch_B34C_cell_4,B34C,4,C,NMC811,Gen 2,Argonne,15,Moderate,1
782,-1.0396282889522739,-1.04732332489935,-1.1057401306695678,-1.3639385207626356,1.6523866225591382,-0.2688569917274986,batch_B34D_cell_3.h5,batch_B34D_cell_3,B34D,3,C,NMC811,Gen 2,Argonne,15,Moderate,1
782,-1.0638809268374247,-1.0652713721168268,-1.126661760567263,-1.460914358688624,1.6533386663812653,-0.26893270344041625,batch_B35C_cell_1.h5,batch_B35C_cell_1,B35C,1,C_AlSiO4,NMC532,Gen 2,Argonne,12,Short,2
782,-1.1122177286033916,-1.117456841419824,-1.206637252581677,-1.4616441096459103,1.6514453394155253,-0.2708202759336294,batch_B34B_cell_1.h5,batch_B34B_cell_1,B34B,1,C,NMC811,Gen 2,Argonne,12,Short,2
782,-1.0784085815842,-1.0785735797714031,-1.1418986722782234,-1.4382095054120496,1.6484390063128571,-0.27580726814834505,batch_B35F_cell_2.h5,batch_B35F_cell_2,B35F,2,C_Al2O3,NMC532,Gen 2,Argonne,12,Short,2
782,-1.064308192608817,-1.0677512911300968,-1.1501149533302346,-1.463987228072589,1.650486440018054,-0.2734410945431748,batch_B35G_cell_2.h5,batch_B35G_cell_2,B35G,2,C_AlN,NMC532,Gen 2,Argonne,12,Short,2
782,-1.2010219813266303,-1.2033371038083123,-1.2406480654697616,-1.5353894329539373,1.6330968482078618,-0.2992079829912678,batch_B35B_cell_2.h5,batch_B35B_cell_2,B35B,2,C_ZrO,NMC532,Gen 2,Argonne,12,Short,2
782,-1.0991440732890878,-1.1031460216966096,-1.151126696741845,-1.3815325054926844,1.648501885684272,-0.2761850413051199,batch_B34D_cell_4.h5,batch_B34D_cell_4,B34D,4,C,NMC811,Gen 2,Argonne,15,Moderate,1
786,-1.9107346909826524,-1.9899114121833472,-1.6420385570625444,-1.9534087796553488,1.5996088897709015,1.3509403747353699,batch_B7B_cell_3.h5,batch_B7B_cell_3,B7B,3,C,NMC532,Gen 2,Argonne,9,Short,2
786,-1.650030989090867,-1.7447502516238889,-1.4940996840363105,-1.79404683982924,1.610913968780897,1.3543428524051537,batch_B7B_cell_2.h5,batch_B7B_cell_2,B7B,2,C,NMC532,Gen 2,Argonne,9,Short,2
787,-1.8140910755891284,-1.918547509579817,-1.7021595529114297,-2.1898374703380012,1.6160448543661674,1.3369995262072352,batch_B7A_cell_20.h5,batch_B7A_cell_20,B7A,20,C,NMC532,Gen 2,Argonne,9,Short,2
787,-1.730268951154033,-1.793049029735316,-1.56427588540585,-1.892580249522871,1.5825323476834192,1.3459069488921398,batch_B7A_cell_18.h5,batch_B7A_cell_18,B7A,18,C,NMC532,Gen 2,Argonne,12,Short,2
788,-1.7629098446225455,-1.8315856662817618,-1.5936568728752527,-1.873297398153929,1.583169353133406,1.3472366913119571,batch_B7B_cell_1.h5,batch_B7B_cell_1,B7B,1,C,NMC532,Gen 2,Argonne,12,Short,2
788,-1.855975347037514,-1.9342232655110203,-1.6555445777084634,-1.954753838039895,1.589503668555227,1.3510805716882504,batch_B7B_cell_4.h5,batch_B7B_cell_4,B7B,4,C,NMC532,Gen 2,Argonne,9,Short,2
789,-1.749924913456105,-1.8232083574747917,-1.5547991831011985,-1.817129252834342,1.595054650673674,1.3481218910908086,batch_B7A_cell_19.h5,batch_B7A_cell_19,B7A,19,C,NMC532,Gen 2,Argonne,9,Short,2
789,-1.698465798503001,-1.7641020390345823,-1.5135743900797831,-1.7858496638527357,1.5759897519400914,1.3796890828539783,batch_B7A_cell_17.h5,batch_B7A_cell_17,B7A,17,C,NMC532,Gen 2,Argonne,12,Short,2
814,-3.5249615371880534,-3.492326852724623,-3.4751145508245354,-3.5522346131827582,1.5267202290802042,-1.6722235259074723,batch_B5A_cell_2.h5,batch_B5A_cell_2,B5A,2,C,5Vspinel,Gen 2,Argonne,13,Moderate,1
844,-1.3127611419938043,-1.3658610268386102,-1.464399697397069,-1.368481751131489,1.583108288090796,5.527017847146545,batch_B5A_cell_1.h5,batch_B5A_cell_1,B5A,1,C,5Vspinel,Gen 2,Argonne,1,Short,2
851,-2.056564796153958,-2.2377290267797383,-2.0914636723068263,-2.1407416717719077,1.5589047665097335,5.274022286138404,batch_B4A_cell_8.h5,batch_B4A_cell_8,B4A,8,C,HE5050,Gen 2,Argonne,10,Short,2
854,-1.4572129701379481,-1.5088103734219893,-1.5631335386133551,-1.432470923226013,1.5789279730506982,5.364009497682251,batch_B5A_cell_5.h5,batch_B5A_cell_5,B5A,5,C,5Vspinel,Gen 2,Argonne,13,Moderate,1
930,-1.230231251284343,-1.2415334575813217,-1.2578034350731597,-1.4263376206346032,1.6039005363857,-0.334944820406899,batch_B10A_cell_3.h5,batch_B10A_cell_3,B10A,3,C,NMC532,Gen 2,Argonne,66,Long,0
938,0.15544296499939164,0.025346027263752187,0.12582794341714146,-0.006579362964493758,1.789837538149972,5.676090674627571,batch_B7A_cell_4.h5,batch_B7A_cell_4,B7A,4,C,NMC532,Gen 2,Argonne,0,Short,2
938,0.13861745244688778,0.01111314213052566,0.12058376779644366,0.002238116082441324,1.7943541532509726,5.664652100584687,batch_B7A_cell_2.h5,batch_B7A_cell_2,B7A,2,C,NMC532,Gen 2,Argonne,0,Short,2
938,-0.04399954711699393,-0.16109578440205471,0.01906881769019311,-0.13619810650908393,1.7863201747863795,5.628764646093289,batch_B7A_cell_1.h5,batch_B7A_cell_1,B7A,1,C,NMC532,Gen 2,Argonne,595,Long,0
938,0.048423260686498715,-0.07764916209591935,0.07624579816778194,-0.07043436332237518,1.7898741414035446,5.657589889862283,batch_B7A_cell_8.h5,batch_B7A_cell_8,B7A,8,C,NMC532,Gen 2,Argonne,570,Long,0
939,-0.01713555810788575,-0.1347217309599146,0.08015644968820636,-0.07018369910158691,1.7821206840249195,5.570661508510604,batch_B7A_cell_3.h5,batch_B7A_cell_3,B7A,3,C,NMC532,Gen 2,Argonne,551,Long,0
941,-0.013323180044566337,-0.12858588012268116,0.05272988052597648,-0.09289829691744846,1.7897107113680448,5.575832761400476,batch_B7A_cell_5.h5,batch_B7A_cell_5,B7A,5,C,NMC532,Gen 2,Argonne,574,Long,0
942,0.0053153859344412255,-0.11031483648705634,0.0734292258205752,-0.0659003561999916,1.791284813147552,5.570337347830051,batch_B7A_cell_6.h5,batch_B7A_cell_6,B7A,6,C,NMC532,Gen 2,Argonne,583,Long,0
944,-1.215253421105705,-1.223724256964166,-1.218265138539683,-1.3591857703759043,1.5870521970677653,-0.34347898230455437,batch_B10A_cell_4.h5,batch_B10A_cell_4,B10A,4,C,NMC532,Gen 2,Argonne,58,Long,0
978,-0.06447613672724806,-0.1911687886205441,0.031968900239126914,-0.13494491626501756,1.7743094761069313,5.71382885716688,batch_B7A_cell_7.h5,batch_B7A_cell_7,B7A,7,C,NMC532,Gen 2,Argonne,0,Short,2
1003,-1.081470524005114,-1.0965526890765596,-1.1148322471022045,-1.5387200892492119,1.681433099614827,-1.0305553742203428,batch_B20B_cell_6.h5,batch_B20B_cell_6,B20B,6,C_Si,NMC532,Gen2,Argonne,75,Long,0
1019,-1.5856045808054962,-1.8444455156858304,-2.028008898594631,-1.933121910017384,1.6159483374987789,5.633941446039262,batch_B4A_cell_5.h5,batch_B4A_cell_5,B4A,5,C,HE5050,Gen 2,Argonne,10,Short,2
1019,-1.5079879333302229,-1.8559259866790105,-1.8409165836259296,-1.9072256484149914,1.6459086885052847,5.743658364956966,batch_B4A_cell_7.h5,batch_B4A_cell_7,B4A,7,C,HE5050,Gen 2,Argonne,10,Short,2
1020,-1.4895019817790236,-1.837572356779742,-1.7676021153593766,-1.8805301514067885,1.64742270450832,5.6902764300257855,batch_B4A_cell_3.h5,batch_B4A_cell_3,B4A,3,C,HE5050,Gen 2,Argonne,11,Short,2
1021,-1.0590354942097926,-1.300434841222248,-1.428510714697897,-1.478099074995146,1.630030997893462,1.4511280165274645,batch_B14B_cell_2.h5,batch_B14B_cell_2,B14B,2,C,HE5050,Gen 2,Argonne,12,Short,2
1021,-0.9291520450593244,-1.1671896759188494,-1.3540535262847313,-1.3424239398141073,1.6431926336575895,1.4407807173854394,batch_B14B_cell_5.h5,batch_B14B_cell_5,B14B,5,C,HE5050,Gen 2,Argonne,12,Short,2
1021,-3.477649329174257,-3.326749935296963,-2.545188514846853,-2.1906414623163775,1.4814594934046093,1.289783948984681,batch_B14A_cell_11.h5,batch_B14A_cell_11,B14A,11,C,HE5050,Gen 2,Argonne,12,Short,2
1021,-0.9573321259209234,-1.209221265484935,-1.4199408046431903,-1.3779511384742453,1.6411225933881888,1.4396379497680516,batch_B14B_cell_7.h5,batch_B14B_cell_7,B14B,7,C,HE5050,Gen 2,Argonne,9,Short,2
1021,-0.9976438310318426,-1.2710787857261983,-1.4612686929266296,-1.5371211516917442,1.643218834319176,1.41477085853413,batch_B14B_cell_4.h5,batch_B14B_cell_4,B14B,4,C,HE5050,Gen 2,Argonne,9,Short,2
1021,-2.7101040421836076,-2.587324296566653,-1.918022592383816,-1.8476673449581442,1.3957863315774326,1.3338439785705547,batch_B14A_cell_12.h5,batch_B14A_cell_12,B14A,12,C,HE5050,Gen 2,Argonne,12,Short,2
1021,-0.9778821389214714,-1.2695654634268405,-1.3327863287778554,-1.608290663674739,1.6583735892485085,1.4501875145976304,batch_B14B_cell_11.h5,batch_B14B_cell_11,B14B,11,C,HE5050,Gen 2,Argonne,9,Short,2
1021,-1.599379936832952,-1.813702660373028,-2.0261782052053534,-2.0143912362362095,1.575588914164282,1.4825093020502254,batch_B14B_cell_6.h5,batch_B14B_cell_6,B14B,6,C,HE5050,Gen 2,Argonne,12,Short,2
1021,-1.1477505354166366,-1.4681187807955105,-1.350079653334156,-1.7138040597786208,1.6566901571278645,1.458910227367006,batch_B14B_cell_10.h5,batch_B14B_cell_10,B14B,10,C,HE5050,Gen 2,Argonne,9,Short,2
1021,-0.9295130115049165,-1.1815557671920507,-1.3540929822687353,-1.3888385171641051,1.64503767430793,1.4366925310640772,batch_B14B_cell_1.h5,batch_B14B_cell_1,B14B,1,C,HE5050,Gen 2,Argonne,12,Short,2
1021,-3.835366930882234,-3.6593151985873966,-2.8102404526555165,-2.2828150510048677,1.526392858601192,1.318140176505855,batch_B14A_cell_10.h5,batch_B14A_cell_10,B14A,10,C,HE5050,Gen 2,Argonne,12,Short,2
1021,-2.3558285875204423,-2.625137948354718,-1.561543549211195,-2.1112626716608505,1.585006540038038,1.3077153474062408,batch_B14A_cell_13.h5,batch_B14A_cell_13,B14A,13,C,HE5050,Gen 2,Argonne,12,Short,2
1021,-1.187674986681176,-1.449172148099843,-1.5644601085108634,-1.6255115097742776,1.6269619403150601,1.4664939377201465,batch_B14B_cell_9.h5,batch_B14B_cell_9,B14B,9,C,HE5050,Gen 2,Argonne,10,Short,2
1021,-1.5187767243192318,-1.6627761089917978,-1.7576691866879122,-1.7232319478879914,1.539415783649093,1.553174238063074,batch_B14B_cell_3.h5,batch_B14B_cell_3,B14B,3,C,HE5050,Gen 2,Argonne,12,Short,2
1021,-0.915054459833129,-1.172299011216665,-1.3558009240505553,-1.462827114779666,1.6456370705158654,1.3969797387594431,batch_B14B_cell_8.h5,batch_B14B_cell_8,B14B,8,C,HE5050,Gen 2,Argonne,12,Short,2
1022,-1.0562113699218796,-1.360476757628617,-1.2918510992883103,-1.5103972787132285,1.6591774187376045,1.4053625181987335,batch_B14B_cell_12.h5,batch_B14B_cell_12,B14B,12,C,HE5050,Gen 2,Argonne,17,Long,0
1025,-1.7318611302806153,-1.7465666961450872,-1.6779738074002575,-1.6643279273714366,1.5922753240912615,1.5734581107114516,batch_B19A_cell_13.h5,batch_B19A_cell_13,B19A,13,C,FCG,Gen 2,Argonne,15,Moderate,1
1025,-1.6994584421847432,-1.7188291604307506,-1.646253466883849,-1.5833362933216764,1.5982365397369207,1.6038619290928346,batch_B19A_cell_7.h5,batch_B19A_cell_7,B19A,7,C,FCG,Gen 2,Argonne,15,Moderate,1
1025,-1.7857467833697067,-1.8022937852883032,-1.8216190349459003,-1.7630447189606393,1.6070327840001368,1.5236418295477698,batch_B19A_cell_1.h5,batch_B19A_cell_1,B19A,1,C,FCG,Gen 2,Argonne,15,Moderate,1
1025,-1.703766811299838,-1.7168761982465859,-1.700791706852676,-1.6527504966860815,1.6080614877522164,1.5923846640120596,batch_B19A_cell_14.h5,batch_B19A_cell_14,B19A,14,C,FCG,Gen 2,Argonne,15,Moderate,1
1025,-1.748131982496207,-1.7635440282000854,-1.794655913563858,-1.712264396062976,1.6092919537775279,1.5514640949191623,batch_B19A_cell_2.h5,batch_B19A_cell_2,B19A,2,C,FCG,Gen 2,Argonne,15,Moderate,1
1025,-1.7579786034465745,-1.7714023472777976,-1.730873003845502,-1.71810034767017,1.5972567030042848,1.5881755406754765,batch_B19A_cell_10.h5,batch_B19A_cell_10,B19A,10,C,FCG,Gen 2,Argonne,15,Moderate,1
1025,-1.6561543756799795,-1.6700983129799662,-1.5558264214238957,-1.5347438427511713,1.5867455208480974,1.610046799802262,batch_B19A_cell_12.h5,batch_B19A_cell_12,B19A,12,C,FCG,Gen 2,Argonne,15,Moderate,1
1027,-1.7031541221835904,-1.7176137949827774,-1.5578092842002247,-1.5403859660526815,1.5786275934291838,1.6150471551291183,batch_B19A_cell_11.h5,batch_B19A_cell_11,B19A,11,C,FCG,Gen 2,Argonne,15,Moderate,1
1043,-1.7353678368666259,-1.9192149210594733,-1.6524876057172604,-1.8986685827335974,1.6272998453790546,1.382591423407821,batch_B30A_cell_4.h5,batch_B30A_cell_4,B30A,4,C,NMC532,Gen 2,Argonne,15,Moderate,1
1043,-1.6956738029031624,-1.8802766626636036,-1.5886174538328808,-1.829544907439128,1.626413714993728,1.3868732474738568,batch_B30A_cell_1.h5,batch_B30A_cell_1,B30A,1,C,NMC532,Gen 2,Argonne,15,Moderate,1
1043,-1.6234483268046933,-1.8259063859711309,-1.5584882150615746,-1.8065015891068557,1.6305424277798384,1.4108832625940568,batch_B30B_cell_4.h5,batch_B30B_cell_4,B30B,4,C,NMC532,Gen 2,Argonne,12,Short,2
1043,-1.6811856216094108,-1.867452156001064,-1.5627732468750402,-1.8263428556967827,1.6282106117423447,1.3909188260592624,batch_B30B_cell_2.h5,batch_B30B_cell_2,B30B,2,C,NMC532,Gen 2,Argonne,12,Short,2
1043,-1.6898542710066833,-1.8669915044366665,-1.5640671109593183,-1.8048836829694432,1.6250767820890915,1.3999641639206637,batch_B30A_cell_2.h5,batch_B30A_cell_2,B30A,2,C,NMC532,Gen 2,Argonne,15,Moderate,1
1043,-1.662130780460976,-1.8390187793020085,-1.5688913467890637,-1.7859406371939197,1.6262359267794837,1.405720466955702,batch_B30A_cell_3.h5,batch_B30A_cell_3,B30A,3,C,NMC532,Gen 2,Argonne,15,Moderate,1
1043,-1.7166748225918236,-1.9020979369348372,-1.5895986054486562,-1.8653114019409416,1.6299101980022215,1.3854245980287683,batch_B30B_cell_1.h5,batch_B30B_cell_1,B30B,1,C,NMC532,Gen 2,Argonne,12,Short,2
1077,-0.9331670595748963,-0.9671302689500629,-1.119089903684191,-1.409382033169857,1.6813584143779303,-0.25960359752509854,batch_B12A_cell_7.h5,batch_B12A_cell_7,B12A,7,C,HE5050,Gen 2,Argonne,10,Short,2
1079,-0.9026918175832997,-0.9249230722411375,-4.100072876497371,-3.8723367484364166,1.6791654322169314,-0.39754270760925015,batch_B12A_cell_8.h5,batch_B12A_cell_8,B12A,8,C,HE5050,Gen 2,Argonne,10,Short,2
1108,-1.1031973416243772,-1.398368278109072,-1.1791759052707635,-1.1517153653917105,1.6557712476403506,1.6635093920434252,batch_B12A_cell_1.h5,batch_B12A_cell_1,B12A,1,C,HE5050,Gen 2,Argonne,23,Long,0
1119,-1.2372772895005415,-1.2933410277464992,-2.260952072417171,-2.2203358831606477,1.6336438497060504,-0.3555705843675902,batch_B12A_cell_4.h5,batch_B12A_cell_4,B12A,4,C,HE5050,Gen 2,Argonne,10,Short,2
1120,-1.7480537026051206,-2.108247687533882,-1.4242290669991484,-1.658459486950906,1.6154549895759762,2.099503912656972,batch_B12A_cell_6.h5,batch_B12A_cell_6,B12A,6,C,HE5050,Gen 2,Argonne,10,Short,2
1120,-1.843000297959675,-2.150823479950569,-1.4128904347409643,-1.6565318531800393,1.5986291970365762,2.1218224701346005,batch_B12A_cell_5.h5,batch_B12A_cell_5,B12A,5,C,HE5050,Gen 2,Argonne,10,Short,2
1120,-1.761024804085137,-2.167169666649241,-4.814635984394455,-4.642229858450496,1.6335285174180643,-0.43138176106839493,batch_B12A_cell_2.h5,batch_B12A_cell_2,B12A,2,C,HE5050,Gen 2,Argonne,10,Short,2
1146,-1.6777792138495498,-1.9728378799011288,-1.8493254181598768,-1.8815977615153117,1.6220357914939427,5.676843260233867,batch_B4A_cell_1.h5,batch_B4A_cell_1,B4A,1,C,HE5050,Gen 2,Argonne,10,Short,2
1220,-1.3170787087307398,-1.6859944146463917,-1.7456352240206057,-1.9850519609505073,1.6560906538855065,1.5460705719803693,batch_B9A_cell_6.h5,batch_B9A_cell_6,B9A,6,C,HE5050,Gen 2,Argonne,10,Short,2
1221,-1.4157072211464163,-1.8013941940143006,-1.83146709812365,-1.960059528801314,1.656084914737977,1.5723741480643896,batch_B9A_cell_8.h5,batch_B9A_cell_8,B9A,8,C,HE5050,Gen 2,Argonne,10,Short,2
1272,-2.0139026677281664,-2.3762931694536715,-3.504822213193646,-3.628704448138867,1.6109379886960435,0.23277145811185718,batch_B9A_cell_5.h5,batch_B9A_cell_5,B9A,5,C,HE5050,Gen 2,Argonne,10,Short,2
1308,-1.900271403740765,-1.8678975588761013,-2.0739654993187076,-2.141554158170815,1.5012857807577629,-0.49883195180757445,batch_B12A_cell_3.h5,batch_B12A_cell_3,B12A,3,C,HE5050,Gen 2,Argonne,10,Short,2
1316,-1.3468834477172622,-1.4209917176669233,-1.4406689395647787,-1.7826946485268345,1.6299644547985375,-0.3042135495964842,batch_B9A_cell_9.h5,batch_B9A_cell_9,B9A,9,C,HE5050,Gen 2,Argonne,10,Short,2
1414,-2.708761751187467,-2.84777360569058,-2.506216317892244,-2.517531339729452,1.510918527660285,5.038061534840575,batch_B9A_cell_3.h5,batch_B9A_cell_3,B9A,3,C,HE5050,Gen 2,Argonne,10,Short,2
1423,-1.4325583197764575,-1.627953479010329,-1.3219045453155098,-1.3790744921291047,1.5834202360411473,1.6613448000701547,batch_B14D_cell_7.h5,batch_B14D_cell_7,B14D,7,C,HE5050,Gen 2,Argonne,12,Short,2
1423,-1.2618196790815708,-1.5716312595331015,-1.418348437083125,-1.764156341078357,1.653393753250764,1.4445810611772798,batch_B14C_cell_5.h5,batch_B14C_cell_5,B14C,5,C,HE5050,Gen 2,Argonne,17,Long,0
1423,-1.1104676918373098,-1.426337796848465,-1.3361538650421074,-1.6146071077678439,1.6679741443537626,1.4675802286260506,batch_B14C_cell_4.h5,batch_B14C_cell_4,B14C,4,C,HE5050,Gen 2,Argonne,12,Short,2
1423,-1.2446880947095866,-1.5035531789573109,-1.3083490740320345,-1.4045848842187747,1.6158314722858762,1.4724268190285434,batch_B14D_cell_8.h5,batch_B14D_cell_8,B14D,8,C,HE5050,Gen 2,Argonne,12,Short,2
1423,-1.184660659156814,-1.4616175389085952,-1.2050110148514952,-1.2924201940392048,1.6324805646150597,1.5776930629795822,batch_B14D_cell_6.h5,batch_B14D_cell_6,B14D,6,C,HE5050,Gen 2,Argonne,12,Short,2
1423,-1.1718930423618865,-1.4728780395666927,-1.3665024097195364,-1.6302030103906886,1.6550383956127919,1.455759806107309,batch_B14D_cell_4.h5,batch_B14D_cell_4,B14D,4,C,HE5050,Gen 2,Argonne,12,Short,2
1423,-1.5989373393313127,-1.9225266643407666,-1.5279874165653868,-1.895357007289425,1.6417471202902658,1.452792365661415,batch_B14C_cell_6.h5,batch_B14C_cell_6,B14C,6,C,HE5050,Gen 2,Argonne,15,Moderate,1
1423,-1.2201296697378277,-1.5137217685369875,-1.3669587105236591,-1.6600852698832667,1.660323782715389,1.453882252634554,batch_B14C_cell_3.h5,batch_B14C_cell_3,B14C,3,C,HE5050,Gen 2,Argonne,12,Short,2
1423,-1.2830110917782866,-1.5896864397400472,-1.476373356063108,-1.8130034601806786,1.6561711853258536,1.4167762201919452,batch_B14D_cell_5.h5,batch_B14D_cell_5,B14D,5,C,HE5050,Gen 2,Argonne,12,Short,2
1423,-1.5710393850315294,-1.8155877776868083,-1.6124794179712107,-1.694250908391547,1.5936280712399273,1.6994195670485162,batch_B14D_cell_2.h5,batch_B14D_cell_2,B14D,2,C,HE5050,Gen 2,Argonne,12,Short,2
1423,-1.0680984661030322,-1.3646631422169981,-1.2193291128873822,-1.5002490383259903,1.6653154412260016,1.4715235715730874,batch_B14C_cell_8.h5,batch_B14C_cell_8,B14C,8,C,HE5050,Gen 2,Argonne,17,Long,0
1423,-1.137583234054918,-1.4263822928112422,-1.219926519387716,-1.5680858912803666,1.6666610942100053,1.4505325605048147,batch_B14C_cell_2.h5,batch_B14C_cell_2,B14C,2,C,HE5050,Gen 2,Argonne,12,Short,2
1423,-1.2188578228891336,-1.5568058494251507,-1.4829544312093605,-1.7682965775067303,1.659286737801327,1.4228019242169267,batch_B14D_cell_3.h5,batch_B14D_cell_3,B14D,3,C,HE5050,Gen 2,Argonne,12,Short,2
1423,-1.3969151358237635,-1.6893533787247197,-1.357863968360582,-1.5487284625309,1.6224245154363743,1.5395108056549518,batch_B14C_cell_1.h5,batch_B14C_cell_1,B14C,1,C,HE5050,Gen 2,Argonne,12,Short,2
1424,-1.0448175379605982,-1.3241481070787258,-1.2567331782237847,-1.439992073945147,1.6608665030544756,1.4483878033914406,batch_B14D_cell_1.h5,batch_B14D_cell_1,B14D,1,C,HE5050,Gen 2,Argonne,12,Short,2
1488,-1.289908183477227,-1.3059537863912427,-1.2925522086949959,-1.733440091182054,1.6437086207979008,-0.23507099531319475,batch_B38A_cell_3.h5,batch_B38A_cell_3,B38A,3,C,NMC622,Gen 2,Argonne,15,Moderate,1
1488,-1.4967829076672428,-1.5231712023721162,-1.510828318036068,-1.7782559429890166,1.6195300101746177,-0.24939215966726866,batch_B38C_cell_1.h5,batch_B38C_cell_1,B38C,1,C,NMC622,Gen 2,Argonne,19,Long,0
1488,-1.3805409262941206,-1.4082646127690719,-1.4136429351674158,-1.6761660923500692,1.6307691135955527,-0.243354448074037,batch_B38D_cell_1.h5,batch_B38D_cell_1,B38D,1,C,NMC622,Gen 2,Argonne,17,Long,0
1488,-2.1238767737745867,-2.126908016929376,-2.129037942838045,-2.3568504773340244,1.5909935545170757,-0.29263457837688484,batch_B38C_cell_4.h5,batch_B38C_cell_4,B38C,4,C,NMC622,Gen 2,Argonne,19,Long,0
1488,-1.2007869677068643,-1.2150759708770917,-1.2219936920160581,-1.6418198659065695,1.6419834935345576,-0.23437800706115325,batch_B38A_cell_4.h5,batch_B38A_cell_4,B38A,4,C,NMC622,Gen 2,Argonne,15,Moderate,1
1488,-1.3804029296189777,-1.4056729335281324,-1.4224322774386633,-1.8174755163350655,1.6338380463657842,-0.24337860033666397,batch_B38A_cell_2.h5,batch_B38A_cell_2,B38A,2,C,NMC622,Gen 2,Argonne,15,Moderate,1
1488,-1.386326024482675,-1.402017285667348,-1.4100186106293653,-1.6230109837780047,1.629012123146154,-0.24579102082916154,batch_B38D_cell_2.h5,batch_B38D_cell_2,B38D,2,C,NMC622,Gen 2,Argonne,19,Long,0
1488,-1.8677878563112154,-1.8646197994938,-1.8552942624704494,-2.0604719372181655,1.595384875214841,-0.2813995835986486,batch_B38C_cell_2.h5,batch_B38C_cell_2,B38C,2,C,NMC622,Gen 2,Argonne,19,Long,0
1488,-1.3771905290209352,-1.4014547245301188,-1.4149326517734107,-1.8045137076845486,1.6336967575745613,-0.24108551047257934,batch_B38B_cell_5.h5,batch_B38B_cell_5,B38B,5,C,NMC622,Gen 2,Argonne,15,Moderate,1
1488,-1.538971791720605,-1.5598631558669083,-1.5329736208519913,-1.85919030245789,1.6247914333263047,-0.24930897479444866,batch_B38C_cell_3.h5,batch_B38C_cell_3,B38C,3,C,NMC622,Gen 2,Argonne,19,Long,0
1488,-1.5767708875722515,-1.6180869434131184,-1.6827619372373204,-2.1020631671624126,1.6370924321540716,-0.24965251336922092,batch_B38B_cell_4.h5,batch_B38B_cell_4,B38B,4,C,NMC622,Gen 2,Argonne,15,Moderate,1
1489,-1.3518728675441156,-1.386995959829546,-1.4413330793269281,-1.7254920355679828,1.6298375753331942,-0.24420225555755087,batch_B38B_cell_1.h5,batch_B38B_cell_1,B38B,1,C,NMC622,Gen 2,Argonne,15,Moderate,1
1489,-1.3731136127721053,-1.3899597879598102,-1.390771566686385,-1.7106855917425594,1.6381157494319147,-0.24136566036937757,batch_B38A_cell_1.h5,batch_B38A_cell_1,B38A,1,C,NMC622,Gen 2,Argonne,15,Moderate,1
1489,-1.4171613204256095,-1.447740001204818,-1.489547405951165,-1.7811164801700075,1.6289665934318196,-0.24681228905384242,batch_B38B_cell_2.h5,batch_B38B_cell_2,B38B,2,C,NMC622,Gen 2,Argonne,15,Moderate,1
1491,-1.8672355733381345,-2.4311564504991465,-2.3193599834289387,-2.2418713615300874,1.6574980582830237,5.148450730713724,batch_B9A_cell_4.h5,batch_B9A_cell_4,B9A,4,C,HE5050,Gen 2,Argonne,10,Short,2
1527,-1.3843238311332775,-1.4447835845432275,-3.6105639251230066,-3.1425314014554377,1.644453064106919,-0.9050911620995646,batch_B9A_cell_2.h5,batch_B9A_cell_2,B9A,2,C,HE5050,Gen 2,Argonne,10,Short,2
1551,-1.2318421513688491,-1.2670888332713035,-1.2955203929992372,-1.5716267324282922,1.6219308808715478,-0.24129656043672243,batch_B38D_cell_3.h5,batch_B38D_cell_3,B38D,3,C,NMC622,Gen 2,Argonne,15,Moderate,1
1555,-1.1236249230733102,-1.4429442614444188,-1.5889208288600674,-1.6617813262536032,1.6578960562772265,1.361743672817174,batch_B27B_cell_1.h5,batch_B27B_cell_1,B27B,1,C,NMC111,Gen 2,Argonne,13,Moderate,1
1555,-1.1131784126701325,-1.433525019285052,-1.6156207303177572,-1.6929123123474086,1.654734190503904,1.356488156540062,batch_B27B_cell_6.h5,batch_B27B_cell_6,B27B,6,C,NMC111,Gen 2,Argonne,13,Moderate,1
1555,-1.1962578557626593,-1.5450768579741054,-1.838502771674299,-1.8383216467694972,1.6528541040896843,1.349018460781416,batch_B27B_cell_4.h5,batch_B27B_cell_4,B27B,4,C,NMC111,Gen 2,Argonne,12,Short,2
1555,-1.185638715571985,-1.5085659989875448,-1.6329806717880497,-1.7548189048124467,1.654152191683107,1.3403529039950497,batch_B27B_cell_7.h5,batch_B27B_cell_7,B27B,7,C,NMC111,Gen 2,Argonne,12,Short,2
1555,-1.1977713945679316,-1.5340662130042015,-1.6634861719790206,-1.7358838800656964,1.6568031903529872,1.3654423945160885,batch_B27B_cell_8.h5,batch_B27B_cell_8,B27B,8,C,NMC111,Gen 2,Argonne,13,Moderate,1
1602,-0.8292758359731065,-0.8760374754643312,-0.9139318283112547,-0.9045328868498135,1.6379079115506454,-0.2542735917566604,batch_B38D_cell_4.h5,batch_B38D_cell_4,B38D,4,C,NMC622,Gen 2,Argonne,19,Long,0
1765,-0.14577007048481913,-0.16437758408697425,-1.203803483101649,-0.7543781942565075,1.7545627287565408,-0.5887191303006457,batch_B9A_cell_1.h5,batch_B9A_cell_1,B9A,1,C,HE5050,Gen 2,Argonne,10,Short,2
1945,-1.3834318271085688,-1.3895378742366762,-4.724359837676637,-3.3991627354112173,1.673280120438091,-0.7113292000078986,batch_B6A_cell_28.h5,batch_B6A_cell_28,B6A,28,C,NMC111,Gen 2,Argonne,51,Long,0
2027,-1.207018032892085,-1.2704836159854338,-1.3268676948666993,-1.4015425273757727,1.6483816736342578,1.5475188710993522,batch_B26L_cell_2.h5,batch_B26L_cell_2,B26L,2,C,5Vspinel,E8,Argonne,15,Moderate,1
2027,-1.3623344533276838,-1.4237823002613528,-1.5087772267216188,-1.5830495063912786,1.6491857854526746,1.5433546603138824,batch_B26L_cell_1.h5,batch_B26L_cell_1,B26L,1,C,5Vspinel,E8,Argonne,19,Long,0
2144,-11.079159952321065,-10.712953901281825,-8.360376635631514,-6.606226309446658,1.6617026466484304,38.36927057498865,batch_B6A_cell_32.h5,batch_B6A_cell_32,B6A,32,C,NMC111,Gen 2,Argonne,10,Short,2
2145,-1.3471153309555484,-1.3455178756185104,-4.138974612996069,-2.9920150192799095,1.6624974361341898,-0.7800085721411819,batch_B6A_cell_43.h5,batch_B6A_cell_43,B6A,43,C,NMC111,Gen 2,Argonne,92,Long,0
2147,-1.3563478734653667,-1.3546049540564595,-3.9929450765471146,-2.843323640017208,1.6564855155475577,-0.7869745165192907,batch_B6A_cell_42.h5,batch_B6A_cell_42,B6A,42,C,NMC111,Gen 2,Argonne,10,Short,2
2323,-1.0207726321129085,-1.1621376768604859,-1.2082869282001372,-1.5500044659387642,1.6704534372303361,1.3457300606971916,batch_B28B_cell_15.h5,batch_B28B_cell_15,B28B,15,C,NMC532,Gen 2,Argonne,12,Short,2
2323,-1.085150785911921,-1.229684724680667,-1.2609124370214602,-1.6162035253642593,1.6657835581613045,1.3591102433371514,batch_B28B_cell_4.h5,batch_B28B_cell_4,B28B,4,C,NMC532,Gen 2,Argonne,12,Short,2
2323,-1.0427168535363793,-1.2186330575894921,-1.3437658794060499,-1.620434329956911,1.6686272590443825,1.3532894682427503,batch_B28B_cell_9.h5,batch_B28B_cell_9,B28B,9,C,NMC532,Gen 2,Argonne,12,Short,2
2323,-1.3820210136046052,-1.562423751791352,-1.4332040714741647,-1.8528586739103712,1.6641465996828595,1.362527185452239,batch_B28B_cell_5.h5,batch_B28B_cell_5,B28B,5,C,NMC532,Gen 2,Argonne,12,Short,2
2323,-0.9309288175385703,-1.099492084575269,-1.1964122885388704,-1.4523364459421708,1.6698768874210985,1.362196763324184,batch_B28B_cell_14.h5,batch_B28B_cell_14,B28B,14,C,NMC532,Gen 2,Argonne,12,Short,2
2323,-0.9926077357161078,-1.1495864336632993,-1.259551077417926,-1.595744266084067,1.6667096533042507,1.359707570600279,batch_B28B_cell_3.h5,batch_B28B_cell_3,B28B,3,C,NMC532,Gen 2,Argonne,12,Short,2
2323,-0.9520560343767459,-1.0986957787217573,-1.1798330726811672,-1.4431823942088164,1.6671381794523896,1.3563933669296755,batch_B28B_cell_12.h5,batch_B28B_cell_12,B28B,12,C,NMC532,Gen 2,Argonne,12,Short,2
2323,-1.0365518152886946,-1.19004948386411,-1.2752158699460423,-1.627718402124143,1.6680209048321606,1.3639905869205444,batch_B28B_cell_1.h5,batch_B28B_cell_1,B28B,1,C,NMC532,Gen 2,Argonne,12,Short,2
2323,-0.9937541457436938,-1.1517236575630803,-1.2516026545783643,-1.5394108520088128,1.6672660461275597,1.361008402021618,batch_B28B_cell_10.h5,batch_B28B_cell_10,B28B,10,C,NMC532,Gen 2,Argonne,12,Short,2
2323,-0.9839443384977619,-1.1438861896462065,-1.1851267947209245,-1.4798842264807153,1.6656349824344951,1.3515574706338964,batch_B28B_cell_6.h5,batch_B28B_cell_6,B28B,6,C,NMC532,Gen 2,Argonne,12,Short,2
2323,-1.0518170829492022,-1.217480797642475,-1.305613625896906,-1.5813230068710251,1.6656482166183444,1.3608054724012892,batch_B28B_cell_11.h5,batch_B28B_cell_11,B28B,11,C,NMC532,Gen 2,Argonne,12,Short,2
2323,-1.2730190686623395,-1.467402252559544,-1.438755543315061,-1.7677604713684665,1.6650815099322813,1.342475792610288,batch_B28B_cell_8.h5,batch_B28B_cell_8,B28B,8,C,NMC532,Gen 2,Argonne,12,Short,2
2323,-0.9865168158725844,-1.144095768538853,-1.1977319818084562,-1.4537166236913246,1.6682998402375815,1.3800930362734536,batch_B28B_cell_16.h5,batch_B28B_cell_16,B28B,16,C,NMC532,Gen 2,Argonne,12,Short,2
2324,-0.9274249383687361,-1.0880028285743317,-1.1849640482818218,-1.386299955428312,1.6731724919281332,1.3670933745554321,batch_B28B_cell_13.h5,batch_B28B_cell_13,B28B,13,C,NMC532,Gen 2,Argonne,12,Short,2
2324,-1.0400199143734083,-1.1867661573662898,-1.2676306905207382,-1.5497836427415619,1.6654795871425043,1.340935549207293,batch_B28B_cell_2.h5,batch_B28B_cell_2,B28B,2,C,NMC532,Gen 2,Argonne,12,Short,2
